[
    {
        "label": "a",
        "points": [
            {
                "x": 683.6434869470115,
                "y": 631.7025780553276
            },
            {
                "x": 682.1198432426598,
                "y": 648.7673875440673
            },
            {
                "x": 696.1373653226959,
                "y": 648.462658803197
            },
            {
                "x": 697.6610090270477,
                "y": 632.007306796198
            }
        ]
    },
    {
        "label": "a",
        "points": [
            {
                "x": 658.6557301956428,
                "y": 702.7043746781194
            },
            {
                "x": 657.132086491291,
                "y": 721.9022853529515
            },
            {
                "x": 670.5401510895864,
                "y": 721.9022853529515
            },
            {
                "x": 670.8448798304568,
                "y": 702.0949171963787
            }
        ]
    },
    {
        "label": "n",
        "points": [
            {
                "x": 459.08921690445345,
                "y": 958.1812741338211
            },
            {
                "x": 461.0755581196191,
                "y": 985.4934658423487
            },
            {
                "x": 481.93214087885826,
                "y": 985.4934658423487
            },
            {
                "x": 482.4287261826497,
                "y": 959.6710300451954
            }
        ]
    },
    {
        "label": "n",
        "points": [
            {
                "x": 643.8189499148576,
                "y": 1057.498334892103
            },
            {
                "x": 638.8530968769436,
                "y": 1103.680768144704
            },
            {
                "x": 685.532115433336,
                "y": 1095.7354032840415
            },
            {
                "x": 697.4501627243299,
                "y": 1056.0085789807288
            }
        ]
    },
    {
        "label": "a",
        "points": [
            {
                "x": 188.73187908556667,
                "y": 1675.832008101018
            },
            {
                "x": 176.59185752690908,
                "y": 1712.2520727769906
            },
            {
                "x": 209.3331277911674,
                "y": 1712.2520727769906
            },
            {
                "x": 211.17252499702462,
                "y": 1679.5108025127324
            }
        ]
    },
    {
        "label": "detected",
        "points": [
            {
                "x": 5,
                "y": 30
            },
            {
                "x": 20,
                "y": 30
            },
            {
                "x": 20,
                "y": 47
            },
            {
                "x": 5,
                "y": 47
            }
        ]
    },
    {
        "label": "detected",
        "points": [
            {
                "x": 166,
                "y": 127
            },
            {
                "x": 181,
                "y": 127
            },
            {
                "x": 181,
                "y": 144
            },
            {
                "x": 166,
                "y": 144
            }
        ]
    },
    {
        "label": "detected",
        "points": [
            {
                "x": 239,
                "y": 205
            },
            {
                "x": 254,
                "y": 205
            },
            {
                "x": 254,
                "y": 222
            },
            {
                "x": 239,
                "y": 222
            }
        ]
    },
    {
        "label": "detected",
        "points": [
            {
                "x": 136,
                "y": 436
            },
            {
                "x": 151,
                "y": 436
            },
            {
                "x": 151,
                "y": 453
            },
            {
                "x": 136,
                "y": 453
            }
        ]
    },
    {
        "label": "detected",
        "points": [
            {
                "x": 142,
                "y": 507
            },
            {
                "x": 157,
                "y": 507
            },
            {
                "x": 157,
                "y": 524
            },
            {
                "x": 142,
                "y": 524
            }
        ]
    },
    {
        "label": "detected",
        "points": [
            {
                "x": 1500,
                "y": 899
            },
            {
                "x": 1515,
                "y": 899
            },
            {
                "x": 1515,
                "y": 916
            },
            {
                "x": 1500,
                "y": 916
            }
        ]
    },
    {
        "label": "detected",
        "points": [
            {
                "x": 1442,
                "y": 935
            },
            {
                "x": 1457,
                "y": 935
            },
            {
                "x": 1457,
                "y": 952
            },
            {
                "x": 1442,
                "y": 952
            }
        ]
    },
    {
        "label": "detected",
        "points": [
            {
                "x": 1365,
                "y": 1361
            },
            {
                "x": 1380,
                "y": 1361
            },
            {
                "x": 1380,
                "y": 1378
            },
            {
                "x": 1365,
                "y": 1378
            }
        ]
    },
    {
        "label": "detected",
        "points": [
            {
                "x": 1466,
                "y": 1367
            },
            {
                "x": 1481,
                "y": 1367
            },
            {
                "x": 1481,
                "y": 1384
            },
            {
                "x": 1466,
                "y": 1384
            }
        ]
    },
    {
        "label": "detected",
        "points": [
            {
                "x": 1264,
                "y": 1379
            },
            {
                "x": 1279,
                "y": 1379
            },
            {
                "x": 1279,
                "y": 1396
            },
            {
                "x": 1264,
                "y": 1396
            }
        ]
    },
    {
        "label": "detected",
        "points": [
            {
                "x": 1162,
                "y": 1384
            },
            {
                "x": 1177,
                "y": 1384
            },
            {
                "x": 1177,
                "y": 1401
            },
            {
                "x": 1162,
                "y": 1401
            }
        ]
    },
    {
        "label": "detected",
        "points": [
            {
                "x": 1146,
                "y": 1445
            },
            {
                "x": 1161,
                "y": 1445
            },
            {
                "x": 1161,
                "y": 1462
            },
            {
                "x": 1146,
                "y": 1462
            }
        ]
    },
    {
        "label": "detected",
        "points": [
            {
                "x": 1035,
                "y": 1490
            },
            {
                "x": 1050,
                "y": 1490
            },
            {
                "x": 1050,
                "y": 1507
            },
            {
                "x": 1035,
                "y": 1507
            }
        ]
    },
    {
        "label": "detected",
        "points": [
            {
                "x": 1444,
                "y": 1491
            },
            {
                "x": 1459,
                "y": 1491
            },
            {
                "x": 1459,
                "y": 1508
            },
            {
                "x": 1444,
                "y": 1508
            }
        ]
    },
    {
        "label": "detected",
        "points": [
            {
                "x": 1119,
                "y": 1516
            },
            {
                "x": 1134,
                "y": 1516
            },
            {
                "x": 1134,
                "y": 1533
            },
            {
                "x": 1119,
                "y": 1533
            }
        ]
    },
    {
        "label": "detected",
        "points": [
            {
                "x": 991,
                "y": 1609
            },
            {
                "x": 1006,
                "y": 1609
            },
            {
                "x": 1006,
                "y": 1626
            },
            {
                "x": 991,
                "y": 1626
            }
        ]
    },
    {
        "label": "detected",
        "points": [
            {
                "x": 1112,
                "y": 1611
            },
            {
                "x": 1127,
                "y": 1611
            },
            {
                "x": 1127,
                "y": 1628
            },
            {
                "x": 1112,
                "y": 1628
            }
        ]
    },
    {
        "label": "detected",
        "points": [
            {
                "x": 717,
                "y": 1652
            },
            {
                "x": 732,
                "y": 1652
            },
            {
                "x": 732,
                "y": 1669
            },
            {
                "x": 717,
                "y": 1669
            }
        ]
    },
    {
        "label": "detected",
        "points": [
            {
                "x": 801,
                "y": 1841
            },
            {
                "x": 816,
                "y": 1841
            },
            {
                "x": 816,
                "y": 1858
            },
            {
                "x": 801,
                "y": 1858
            }
        ]
    },
    {
        "label": "detected",
        "points": [
            {
                "x": 1314,
                "y": 1974
            },
            {
                "x": 1329,
                "y": 1974
            },
            {
                "x": 1329,
                "y": 1991
            },
            {
                "x": 1314,
                "y": 1991
            }
        ]
    },
    {
        "label": "detected",
        "points": [
            {
                "x": 624,
                "y": 2000
            },
            {
                "x": 639,
                "y": 2000
            },
            {
                "x": 639,
                "y": 2017
            },
            {
                "x": 624,
                "y": 2017
            }
        ]
    }
]